Link Name,Center of Mass X,Center of Mass Y,Center of Mass Z,Center of Mass Roll,Center of Mass Pitch,Center of Mass Yaw,Mass,Moment Ixx,Moment Ixy,Moment Ixz,Moment Iyy,Moment Iyz,Moment Izz,Visual X,Visual Y,Visual Z,Visual Roll,Visual Pitch,Visual Yaw,Mesh Filename,Color Red,Color Green,Color Blue,Color Alpha,Collision X,Collision Y,Collision Z,Collision Roll,Collision Pitch,Collision Yaw,Collision Mesh Filename,Material Name,SW Components,Coordinate System,Axis Name,Joint Name,Joint Type,Joint Origin X,Joint Origin Y,Joint Origin Z,Joint Origin Roll,Joint Origin Pitch,Joint Origin Yaw,Parent,Joint Axis X,Joint Axis Y,Joint Axis Z,Limit Effort,Limit Velocity,Limit Lower,Limit Upper,Calibration rising,Calibration falling,Dynamics Damping,Dynamics Friction,Safety Soft Upper,Safety Soft Lower,Safety K Position,Safety K Velocity
base_link,0.010455,0,0.20219,0,0,0,17.042,1.285,0.000193,-0.05107,1.1425,0.004162,0.21087,0,0,0,0,0,0,package://SEAG_2_URDF/meshes/base_link.STL,0.75294,0.75294,0.75294,1,0,0,0,0,0,0,package://SEAG_2_URDF/meshes/base_link.STL,,0_base_link-1,base_link,,,,0,0,0,0,0,0,,0,0,0,,,,,,,,,,,,
R_shoulder_pitch_Link,0.00837,0.003336,-5.00E-06,0,0,0,0.960035,0.000223,-1.00E-06,0,0.000234,0,0.000366,0,0,0,0,0,0,package://SEAG_2_URDF/meshes/R_shoulder_pitch_Link.STL,0.75294,0.75294,0.75294,1,0,0,0,0,0,0,package://SEAG_2_URDF/meshes/R_shoulder_pitch_Link.STL,,0_shoulder_pitch-1,R_shoulder_pitch,A_R_shoulder_pitch,R_shoulder_pitch_Joint,revolute,-0.00077111,-0.243,0.3909,0,0,0,base_link,0,1,0,25,10,-3.141,1.57,,,,,,,,
R_shoulder_roll_Link,-0.005331,0,-0.032023,0,0,0,0.124895,0.000202,0,-7.00E-06,0.000339,0,0.000182,0,0,0,0,0,0,package://SEAG_2_URDF/meshes/R_shoulder_roll_Link.STL,0.75294,0.75294,0.75294,1,0,0,0,0,0,0,package://SEAG_2_URDF/meshes/R_shoulder_roll_Link.STL,,0_shoulder_roll-1,R_shoulder_roll,A_R_shoulder_roll,R_shoulder_roll_Joint,revolute,0,0,0,0,0,0,R_shoulder_pitch_Link,1,0,0,25,10,-3.141,0.174,,,,,,,,
R_shoulder_yaw_Link,-5.00E-06,-0.004882,0.13572,0,0,0,1.6379,0.034858,1.00E-06,-1.00E-06,0.034723,-0.00144,0.000611,0,0,0,0,0,0,package://SEAG_2_URDF/meshes/R_shoulder_yaw_Link.STL,0.75294,0.75294,0.75294,1,0,0,0,0,0,0,package://SEAG_2_URDF/meshes/R_shoulder_yaw_Link.STL,,0_elbow_yaw-1,R_shoulder_yaw,A_R_shoulder_yaw,R_shoulder_yaw_Joint,revolute,0,0,0,0,0,0,R_shoulder_roll_Link,0,0,1,12,10,-1.57,1.57,,,,,,,,
R_elbow_pitch_Link,-4.00E-06,-8.20E-05,-0.075058,0,0,0,0.82582,0.005782,1.00E-06,0,0.00567,0,0.000601,0,0,0,0,0,0,package://SEAG_2_URDF/meshes/R_elbow_pitch_Link.STL,0.75294,0.75294,0.75294,1,0,0,0,0,0,0,package://SEAG_2_URDF/meshes/R_elbow_pitch_Link.STL,,0_elbow_pitch-1,R_elbow_pitch,A_R_elbow_pitch,R_elbow_pitch_Joint,revolute,0,0,-0.18,0,0,0,R_shoulder_yaw_Link,0,1,0,25,10,-1.221,0,,,,,,,,
R_elbow_yaw_Link,0.004492,0.000528,-0.16669,0,0,0,0.84497,0.024302,-2.90E-05,0.000644,0.02444,7.20E-05,0.000597,0,0,0,0,0,0,package://SEAG_2_URDF/meshes/R_elbow_yaw_Link.STL,0.75294,0.75294,0.75294,1,0,0,0,0,0,0,package://SEAG_2_URDF/meshes/R_elbow_yaw_Link.STL,,0_wrist_yaw-1;wrist_link_1-1;wrist_link_2-1,R_elbow_yaw,A_R_elbow_yaw,R_elbow_yaw_Joint,revolute,0,0,0,0,0,0,R_elbow_pitch_Link,0,0,1,12,10,-1.57,1.57,,,,,,,,
R_wrist_roll_Link,-0.001624,0.015,-0.011132,0,0,0,0.0524,3.40E-05,1.00E-06,-1.00E-06,1.70E-05,9.00E-06,2.50E-05,0,0,0,0,0,0,package://SEAG_2_URDF/meshes/R_wrist_roll_Link.STL,0.75294,0.75294,0.75294,1,0,0,0,0,0,0,package://SEAG_2_URDF/meshes/R_wrist_roll_Link.STL,,0_wrist_roll-1,R_wrist_roll,A_R_wrist_roll,R_wrist_roll_Joint,revolute,0,-0.015,-0.2625,0,0,0,R_elbow_yaw_Link,1,0,0,12,10,-0.349,0.349,,,,,,,,
L_shoulder_pitch_Link,0.00837,-0.003336,-5.00E-06,0,0,0,0.960035,0.000223,1.00E-06,0,0.000234,0,0.000366,0,0,0,0,0,0,package://SEAG_2_URDF/meshes/L_shoulder_pitch_Link.STL,0.75294,0.75294,0.75294,1,0,0,0,0,0,0,package://SEAG_2_URDF/meshes/L_shoulder_pitch_Link.STL,,镜向0_shoulder_pitch-2,L_shoulder_pitch,A_L_shoulder_pitch,L_shoulder_pitch_Joint,revolute,-0.00077111,0.243,0.3909,0,0,0,base_link,0,1,0,25,10,-3.141,1.57,,,,,,,,
L_shoulder_roll_Link,-0.005331,0,-0.032023,0,0,0,0.124895,0.000202,0,-7.00E-06,0.000339,0,0.000182,0,0,0,0,0,0,package://SEAG_2_URDF/meshes/L_shoulder_roll_Link.STL,0.75294,0.75294,0.75294,1,0,0,0,0,0,0,package://SEAG_2_URDF/meshes/L_shoulder_roll_Link.STL,,镜向0_shoulder_roll-2,L_shoulder_roll,A_L_shoulder_roll,L_shoulder_roll_Joint,revolute,0,0,0,0,0,0,L_shoulder_pitch_Link,1,0,0,25,10,-0.174,3.141,,,,,,,,
L_shoulder_yaw_Link,-5.00E-06,0.004882,-0.135718,0,0,0,1.637925,0.034858,-1.00E-06,-1.00E-06,0.034723,0.00144,0.000611,0,0,0,0,0,0,package://SEAG_2_URDF/meshes/L_shoulder_yaw_Link.STL,0.75294,0.75294,0.75294,1,0,0,0,0,0,0,package://SEAG_2_URDF/meshes/L_shoulder_yaw_Link.STL,,镜向0_elbow_yaw-2,L_shoulder_yaw,A_L_shoulder_yaw,L_shoulder_yaw_Joint,revolute,0,0,0,0,0,0,L_shoulder_roll_Link,0,0,1,12,10,-1.57,1.57,,,,,,,,
L_elbow_pitch_Link,-4.00E-06,8.20E-05,-0.075058,0,0,0,0.825824,0.005782,-1.00E-06,0,0.00567,0,0.000601,0,0,0,0,0,0,package://SEAG_2_URDF/meshes/L_elbow_pitch_Link.STL,0.75294,0.75294,0.75294,1,0,0,0,0,0,0,package://SEAG_2_URDF/meshes/L_elbow_pitch_Link.STL,,镜向0_elbow_pitch-2,L_elbow_pitch,A_L_elbow_pitch,L_elbow_pitch_Joint,revolute,0,0,-0.18,0,0,0,L_shoulder_yaw_Link,0,1,0,25,10,-1.221,0,,,,,,,,
L_elbow_yaw_Link,0.004492,-0.000528,-0.16669,0,0,0,0.84497,0.024302,2.90E-05,0.000644,0.02444,-7.20E-05,0.000597,0,0,0,0,0,0,package://SEAG_2_URDF/meshes/L_elbow_yaw_Link.STL,0.75294,0.75294,0.75294,1,0,0,0,0,0,0,package://SEAG_2_URDF/meshes/L_elbow_yaw_Link.STL,,镜向0_wrist_yaw-2;镜向wrist_link_1-2;镜向wrist_link_2-2,L_elbow_yaw,A_L_elbow_yaw,L_elbow_yaw_Joint,revolute,0,0,0,0,0,0,L_elbow_pitch_Link,0,0,1,12,10,-1.57,1.57,,,,,,,,
L_wrist_roll_Link,-0.001624,-0.015,-0.011132,0,0,0,0.0524,3.40E-05,-1.00E-06,-1.00E-06,1.70E-05,-9.00E-06,2.50E-05,0,0,0,0,0,0,package://SEAG_2_URDF/meshes/L_wrist_roll_Link.STL,0.75294,0.75294,0.75294,1,0,0,0,0,0,0,package://SEAG_2_URDF/meshes/L_wrist_roll_Link.STL,,镜向0_wrist_roll-2,L_wrist_roll,A_L_wrist_roll,L_wrist_roll_Joint,revolute,0,0.015,-0.2625,0,0,0,L_elbow_yaw_Link,1,0,0,12,10,-0.349,0.349,,,,,,,,
R_hip_yaw_Link,-0.118671,2.60E-05,0.013536,0,0,0,2.315686,0.002966,9.00E-06,0.001215,0.04004,0,0.038332,0,0,0,0,0,0,package://SEAG_2_URDF/meshes/R_hip_yaw_Link.STL,0.75294,0.75294,0.75294,1,0,0,0,0,0,0,package://SEAG_2_URDF/meshes/R_hip_yaw_Link.STL,,0_hip_yaw-1,R_hip_yaw,A_R_hip_yaw,R_hip_yaw_Joint,revolute,-0.00077111,-0.13,-0.1004,0,0,0,base_link,0,0,1,100,20,-0.523,0.523,,,,,,,,
R_hip_roll_Link,-0.049051,0.01994,-0.007746,0,0,0,0.358592,0.000489,0.00022,1.30E-05,0.001613,8.70E-05,0.001668,0,0,0,0,0,0,package://SEAG_2_URDF/meshes/R_hip_roll_Link.STL,0.75294,0.75294,0.75294,1,0,0,0,0,0,0,package://SEAG_2_URDF/meshes/R_hip_roll_Link.STL,,0_hip_roll-1,R_hip_roll,A_R_hip_roll,R_hip_roll_Joint,revolute,0,0,0,0,0,0,R_hip_yaw_Link,1,0,0,100,20,-0.61,0.349,,,,,,,,
R_hip_pitch_Link,0.005441,-0.014986,-0.108393,0,0,0,7.371227,0.163228,-0.000207,0.00664,0.161924,-0.004923,0.009406,0,0,0,0,0,0,package://SEAG_2_URDF/meshes/R_hip_pitch_Link.STL,0.75294,0.75294,0.75294,1,0,0,0,0,0,0,package://SEAG_2_URDF/meshes/R_hip_pitch_Link.STL,,0_hip_pitch-1;0_knee连杆1-1;0_knee连杆2-1,R_hip_pitch,A_R_hip_pitch,R_hip_pitch_Joint,revolute,0,0,-0.025,0,0,0,R_hip_roll_Link,0,1,0,200,20,-1.745,0.959,,,,,,,,
R_knee_pitch_Link,-0.007187,0.004092,-0.136692,0,0,0,5.31314,0.143686,-0.000475,-0.007683,0.14428,0.006139,0.007386,0,0,0,0,0,0,package://SEAG_2_URDF/meshes/R_knee_pitch_Link.STL,0.75294,0.75294,0.75294,1,0,0,0,0,0,0,package://SEAG_2_URDF/meshes/R_knee_pitch_Link.STL,,0_knee_pitch-1;0_ankle_pitch连杆1-1;0_ankle_pitch连杆2-1;0_ankle_roll连杆1-1;0_ankle_roll连杆2 -1,R_knee_pitch,A_R_knee_pitch,R_knee_pitch_Joint,revolute,0,0,-0.365,0,0,0,R_hip_pitch_Link,0,1,0,200,20,0,2.094,,,,,,,,
R_ankle_pitch_Link,-0.019446,-0.000325,0.00672,0,0,0,0.365037,0.00015,-8.00E-06,0.000154,0.00065,4.00E-06,0.000599,0,0,0,0,0,0,package://SEAG_2_URDF/meshes/R_ankle_pitch_Link.STL,0.75294,0.75294,0.75294,1,0,0,0,0,0,0,package://SEAG_2_URDF/meshes/R_ankle_pitch_Link.STL,,0_ankle_pitch-1,R_ankle_pitch,A_R_ankle_pitch,R_ankle_pitch_Joint,revolute,0,0,-0.38,0,0,0,R_knee_pitch_Link,0,1,0,100,20,-1.047,0.523,,,,,,,,
R_ankle_roll_Link,0.014957,0.003142,-0.039194,0,0,0,0.849882,0.00227,3.00E-06,0.000676,0.00443,2.60E-05,0.003379,0,0,0,0,0,0,package://SEAG_2_URDF/meshes/R_ankle_roll_Link.STL,0.75294,0.75294,0.75294,1,0,0,0,0,0,0,package://SEAG_2_URDF/meshes/R_ankle_roll_Link.STL,,0_ankle_roll-1,R_ankle_roll,A_R_ankle_roll,R_ankle_roll_Joint,revolute,0,0,0,0,0,0,R_ankle_pitch_Link,1,0,0,100,20,-0.174,0.174,,,,,,,,
L_hip_yaw_Link,-0.118671,-2.60E-05,0.013536,0,0,0,2.315686,0.002966,-9.00E-06,0.001215,0.04004,0,0.038332,0,0,0,0,0,0,package://SEAG_2_URDF/meshes/L_hip_yaw_Link.STL,0.75294,0.75294,0.75294,1,0,0,0,0,0,0,package://SEAG_2_URDF/meshes/L_hip_yaw_Link.STL,,镜向0_hip_yaw-2,L_hip_yaw,A_L_hip_yaw,L_hip_yaw_Joint,revolute,-0.00077111,0.13,-0.1004,0,0,0,base_link,0,0,1,100,20,-0.523,0.523,,,,,,,,
L_hip_roll_Link,-0.049051,-0.01994,-0.0077462,0,0,0,0.358592,0.000489,-0.00022,1.30E-05,0.001613,-8.70E-05,0.001668,0,0,0,0,0,0,package://SEAG_2_URDF/meshes/L_hip_roll_Link.STL,0.75294,0.75294,0.75294,1,0,0,0,0,0,0,package://SEAG_2_URDF/meshes/L_hip_roll_Link.STL,,镜向0_hip_roll-2,L_hip_roll,A_L_hip_roll,L_hip_roll_Joint,revolute,0,0,0,0,0,0,L_hip_yaw_Link,1,0,0,100,20,-0.349,0.61,,,,,,,,
L_hip_pitch_Link,0.005441,0.014986,-0.108393,0,0,0,7.371227,0.163228,0.000207,0.00664,0.161924,0.004923,0.009406,0,0,0,0,0,0,package://SEAG_2_URDF/meshes/L_hip_pitch_Link.STL,0.75294,0.75294,0.75294,1,0,0,0,0,0,0,package://SEAG_2_URDF/meshes/L_hip_pitch_Link.STL,,镜向0_hip_pitch-2;镜向0_knee连杆1-2;镜向0_knee连杆2-2,L_hip_pitch,A_L_hip_pitch,L_hip_pitch_Joint,revolute,0,0,-0.025,0,0,0,L_hip_roll_Link,0,1,0,200,20,-1.745,0.959,,,,,,,,
L_knee_pitch_Link,-0.007187,-0.004092,-0.136692,0,0,0,5.31314,0.143686,0.000475,-0.007683,0.14428,0.006139,0.007386,0,0,0,0,0,0,package://SEAG_2_URDF/meshes/L_knee_pitch_Link.STL,0.75294,0.75294,0.75294,1,0,0,0,0,0,0,package://SEAG_2_URDF/meshes/L_knee_pitch_Link.STL,,镜向0_knee_pitch-2;镜向0_ankle_pitch连杆1-2;镜向0_ankle_pitch连杆2-2;镜向0_ankle_roll连杆1-2;镜向0_ankle_roll连杆2 -2,L_knee_pitch,A_L_knee_pitch,L_knee_pitch_Joint,revolute,0,0,-0.365,0,0,0,L_hip_pitch_Link,0,1,0,200,20,0,2.094,,,,,,,,
L_ankle_pitch_Link,-0.019446,0.000325,0.00672,0,0,0,0.365037,0.00015,8.00E-06,0.000154,0.00065,-4.00E-06,0.000599,0,0,0,0,0,0,package://SEAG_2_URDF/meshes/L_ankle_pitch_Link.STL,0.75294,0.75294,0.75294,1,0,0,0,0,0,0,package://SEAG_2_URDF/meshes/L_ankle_pitch_Link.STL,,镜向0_ankle_pitch-2,L_ankle_pitch,A_L_ankle_pitch,L_ankle_pitch_Joint,revolute,0,0,-0.38,0,0,0,L_knee_pitch_Link,0,1,0,100,20,-1.047,0.523,,,,,,,,
L_ankle_roll_Link,0.014957,-0.0031421,-0.039194,0,0,0,0.849882,0.00227,3.00E-06,0.000676,0.00443,2.60E-05,0.003379,0,0,0,0,0,0,package://SEAG_2_URDF/meshes/L_ankle_roll_Link.STL,0.75294,0.75294,0.75294,1,0,0,0,0,0,0,package://SEAG_2_URDF/meshes/L_ankle_roll_Link.STL,,镜向0_ankle_roll-2,L_ankle_roll,A_L_ankle_roll,L_ankle_roll_Joint,revolute,0,0,0,0,0,0,L_ankle_pitch_Link,1,0,0,100,20,-0.174,0.174,,,,,,,,
